,created_date,complaint_type,incident_zip,status
0,2019-12-12T01:00:00.000,Traffic Signal Condition,11211,Open
1,2019-12-11T23:09:00.000,Traffic Signal Condition,11366,Open
2,2019-12-11T22:46:00.000,Street Light Condition,11385,Open
3,2019-12-11T22:43:39.000,Street Condition,11001,Open
4,2019-12-11T22:25:00.000,Street Light Condition,11231,Assigned
5,2019-12-11T22:16:00.000,Street Light Condition,11101,Open
6,2019-12-11T22:10:00.000,Traffic Signal Condition,11354,Open
7,2019-12-11T22:07:00.000,Traffic Signal Condition,10314,Open
8,2019-12-11T22:03:00.000,Traffic Signal Condition,11215,Open
9,2019-12-11T21:47:00.000,Traffic Signal Condition,11231,Open
10,2019-12-11T21:44:00.000,Traffic Signal Condition,11204,Open
11,2019-12-11T21:02:00.000,Street Light Condition,10463,Open
12,2019-12-11T20:54:00.000,Traffic Signal Condition,11379,Open
13,2019-12-11T20:51:00.000,Traffic Signal Condition,11103,Assigned
14,2019-12-11T20:51:00.000,Street Light Condition,11004,Open
15,2019-12-11T20:50:00.000,Traffic Signal Condition,10314,Open
16,2019-12-11T20:50:00.000,Street Light Condition,11374,Open
17,2019-12-11T20:49:00.000,Traffic Signal Condition,10312,Open
18,2019-12-11T20:10:00.000,Street Light Condition,10013,Open
19,2019-12-11T19:55:00.000,Street Light Condition,10460,Open
20,2019-12-11T19:55:00.000,Street Light Condition,11361,Open
21,2019-12-11T19:37:51.000,Street Condition,10452,Open
22,2019-12-11T19:37:17.000,Street Condition,11418,Open
23,2019-12-11T19:16:00.000,Street Light Condition,10469,Open
24,2019-12-11T19:07:00.000,Traffic Signal Condition,11210,Closed
25,2019-12-11T18:56:59.000,Street Condition,11222,Open
26,2019-12-11T18:54:00.000,Traffic Signal Condition,11234,Closed
27,2019-12-11T18:45:00.000,Traffic Signal Condition,11373,Closed
28,2019-12-11T18:44:00.000,Street Light Condition,10469,Open
29,2019-12-11T18:40:00.000,Traffic Signal Condition,11234,Assigned
30,2019-12-11T18:40:00.000,Street Light Condition,11422,Open
31,2019-12-11T18:38:00.000,Street Light Condition,11366,Open
32,2019-12-11T18:37:00.000,Street Light Condition,11214,Open
33,2019-12-11T18:33:00.000,Street Light Condition,11426,Open
34,2019-12-11T18:33:00.000,Street Light Condition,10305,Open
35,2019-12-11T18:31:00.000,Street Light Condition,10309,Open
36,2019-12-11T18:12:00.000,Traffic Signal Condition,11238,Closed
37,2019-12-11T18:07:00.000,Traffic Signal Condition,11236,Closed
38,2019-12-11T18:07:00.000,Traffic Signal Condition,11210,Closed
39,2019-12-11T17:54:05.000,Street Condition,10309,Open
40,2019-12-11T17:53:00.000,Traffic Signal Condition,11228,Closed
41,2019-12-11T17:49:00.000,Traffic Signal Condition,11231,Closed
42,2019-12-11T17:48:27.000,Street Condition,11105,Open
43,2019-12-11T17:35:00.000,Traffic Signal Condition,11231,Closed
44,2019-12-11T17:30:00.000,Street Light Condition,10454,Open
45,2019-12-11T17:30:00.000,Traffic Signal Condition,11206,Open
46,2019-12-11T17:26:00.000,Traffic Signal Condition,10475,Closed
47,2019-12-11T17:23:00.000,Traffic Signal Condition,11231,Assigned
48,2019-12-11T17:22:00.000,Street Light Condition,10454,Open
49,2019-12-11T17:08:00.000,Street Light Condition,11214,Open
50,2019-12-11T17:06:00.000,Street Light Condition,10312,Open
51,2019-12-11T17:04:57.000,Street Condition,11420,Open
52,2019-12-11T17:01:00.000,Street Light Condition,11214,Open
53,2019-12-11T16:57:00.000,Traffic Signal Condition,11215,Open
54,2019-12-11T16:42:00.000,Traffic Signal Condition,11101,Closed
55,2019-12-11T16:29:02.000,Street Condition,11230,Open
56,2019-12-11T16:28:46.000,Street Condition,11418,Open
57,2019-12-11T16:28:35.000,Street Condition,11230,Open
58,2019-12-11T16:21:41.000,Street Condition,10463,Open
59,2019-12-11T16:20:00.000,Traffic Signal Condition,11412,Closed
60,2019-12-11T16:14:00.000,Traffic Signal Condition,11219,Assigned
61,2019-12-11T15:58:00.000,Traffic Signal Condition,11210,Assigned
62,2019-12-11T15:53:00.000,Traffic Signal Condition,11368,Closed
63,2019-12-11T15:50:40.000,Street Condition,11374,Pending
64,2019-12-11T15:50:00.000,Traffic Signal Condition,11211,Assigned
65,2019-12-11T15:45:00.000,Street Light Condition,11364,Closed
66,2019-12-11T15:42:00.000,Street Light Condition,11357,Closed
67,2019-12-11T15:42:00.000,Street Light Condition,11358,Closed
68,2019-12-11T15:42:00.000,Street Light Condition,11357,Closed
69,2019-12-11T15:41:00.000,Street Light Condition,11358,Closed
70,2019-12-11T15:40:00.000,Street Light Condition,11366,Closed
71,2019-12-11T15:40:00.000,Street Light Condition,11366,Closed
72,2019-12-11T15:39:00.000,Street Light Condition,11366,Closed
73,2019-12-11T15:38:00.000,Street Light Condition,11385,Closed
74,2019-12-11T15:37:00.000,Street Light Condition,11691,Pending
75,2019-12-11T15:37:00.000,Street Light Condition,11373,Closed
76,2019-12-11T15:35:00.000,Street Light Condition,11691,Pending
77,2019-12-11T15:34:00.000,Street Light Condition,11692,Closed
78,2019-12-11T15:33:00.000,Street Light Condition,11377,Closed
79,2019-12-11T15:33:00.000,Street Light Condition,11692,Closed
80,2019-12-11T15:32:00.000,Street Light Condition,11378,Closed
81,2019-12-11T15:32:00.000,Street Light Condition,11377,Closed
82,2019-12-11T15:29:00.000,Street Light Condition,11420,Closed
83,2019-12-11T15:29:00.000,Street Light Condition,11420,Closed
84,2019-12-11T15:28:00.000,Street Light Condition,11369,Closed
85,2019-12-11T15:27:00.000,Street Light Condition,11105,Closed
86,2019-12-11T15:26:00.000,Street Light Condition,11216,Closed
87,2019-12-11T15:26:00.000,Street Light Condition,11230,Pending
88,2019-12-11T15:25:00.000,Traffic Signal Condition,11207,Open
89,2019-12-11T15:25:00.000,Street Light Condition,11203,Closed
90,2019-12-11T15:24:00.000,Traffic Signal Condition,11208,Open
91,2019-12-11T15:24:00.000,Street Light Condition,11203,Closed
92,2019-12-11T15:23:00.000,Street Light Condition,11228,Closed
93,2019-12-11T15:23:00.000,Street Light Condition,11228,Closed
94,2019-12-11T15:22:00.000,Traffic Signal Condition,11208,Open
95,2019-12-11T15:22:00.000,Street Light Condition,11220,Closed
96,2019-12-11T15:21:00.000,Street Light Condition,11232,Closed
97,2019-12-11T15:21:00.000,Street Light Condition,11232,Closed
98,2019-12-11T15:21:00.000,Traffic Signal Condition,11208,Open
99,2019-12-11T15:20:28.000,Street Condition,11208,Open
100,2019-12-11T15:18:44.000,Street Condition,11220,Open
101,2019-12-11T15:18:33.000,Street Condition,11220,Open
102,2019-12-11T15:16:43.000,Street Condition,11207,Open
103,2019-12-11T15:16:20.000,Street Condition,11207,Open
104,2019-12-11T15:15:20.000,General Construction/Plumbing,10466,Open
105,2019-12-11T15:15:20.000,Building/Use,11355,Open
106,2019-12-11T15:15:00.000,Street Light Condition,11204,Closed
107,2019-12-11T15:13:00.000,Street Light Condition,11234,Closed
108,2019-12-11T15:11:29.000,Street Condition,11105,Open
109,2019-12-11T15:11:00.000,Street Light Condition,11207,Assigned
110,2019-12-11T15:10:00.000,Street Light Condition,11223,Closed
111,2019-12-11T15:09:57.000,HEAT/HOT WATER,11212,Open
112,2019-12-11T15:09:00.000,Street Light Condition,11221,Closed
113,2019-12-11T15:08:17.000,Overgrown Tree/Branches,10465,In Progress
114,2019-12-11T15:08:09.000,Blocked Driveway,11236,In Progress
115,2019-12-11T15:08:02.000,PLUMBING,10456,Open
116,2019-12-11T15:08:00.000,Street Light Condition,11236,Assigned
117,2019-12-11T15:07:14.000,HEAT/HOT WATER,10459,Open
118,2019-12-11T15:07:00.000,Traffic Signal Condition,11222,Open
119,2019-12-11T15:06:46.000,UNSANITARY CONDITION,10467,Open
120,2019-12-11T15:06:29.000,Illegal Parking,10458,In Progress
121,2019-12-11T15:06:24.000,Damaged Tree,10312,In Progress
122,2019-12-11T15:06:13.000,Illegal Parking,11224,In Progress
123,2019-12-11T15:05:51.000,General Construction/Plumbing,10312,Open
124,2019-12-11T15:05:44.000,Blocked Driveway,10465,In Progress
125,2019-12-11T15:05:43.000,Consumer Complaint,11222,In Progress
126,2019-12-11T15:05:36.000,Street Condition,11001,Open
127,2019-12-11T15:05:35.000,Noise - Helicopter,11217,Closed
128,2019-12-11T15:05:24.000,General Construction/Plumbing,11217,Open
129,2019-12-11T15:05:18.000,Noise - Residential,10030,In Progress
130,2019-12-11T15:05:15.000,Rodent,10453,In Progress
131,2019-12-11T15:05:11.000,Illegal Parking,11230,In Progress
132,2019-12-11T15:04:46.000,Sidewalk Condition,11368,In Progress
133,2019-12-11T15:04:36.000,Blocked Driveway,11416,In Progress
134,2019-12-11T15:04:31.000,Street Condition,10018,In Progress
135,2019-12-11T15:04:27.000,Noise - Helicopter,11217,Closed
136,2019-12-11T15:04:00.000,Traffic Signal Condition,11212,Open
137,2019-12-11T15:03:57.000,PLUMBING,10031,Open
138,2019-12-11T15:03:46.000,Noise - Residential,10453,In Progress
139,2019-12-11T15:03:42.000,HEAT/HOT WATER,11207,Open
140,2019-12-11T15:03:41.000,SAFETY,11224,Open
141,2019-12-11T15:02:52.000,General Construction/Plumbing,11217,Closed
142,2019-12-11T15:02:27.000,Overgrown Tree/Branches,10308,In Progress
143,2019-12-11T15:01:46.000,HEAT/HOT WATER,11225,Open
144,2019-12-11T15:01:40.000,Noise - Vehicle,10025,In Progress
145,2019-12-11T15:01:31.000,HEAT/HOT WATER,11208,Open
146,2019-12-11T15:01:00.000,Traffic Signal Condition,11212,Open
147,2019-12-11T15:00:37.000,PAINT/PLASTER,10452,Open
148,2019-12-11T15:00:24.000,Sidewalk Condition,11356,In Progress
149,2019-12-11T15:00:07.000,Street Condition,11367,In Progress
150,2019-12-11T15:00:00.000,Traffic Signal Condition,11207,Open
151,2019-12-11T14:59:54.000,Elevator,11225,Open
152,2019-12-11T14:59:54.000,General Construction/Plumbing,10003,Open
153,2019-12-11T14:59:54.000,Boilers,10034,Open
154,2019-12-11T14:59:54.000,General Construction/Plumbing,11355,Open
155,2019-12-11T14:59:46.000,Dead/Dying Tree,10308,In Progress
156,2019-12-11T14:59:03.000,Illegal Parking,11228,In Progress
157,2019-12-11T14:58:26.000,Damaged Tree,10465,In Progress
158,2019-12-11T14:58:08.000,UNSANITARY CONDITION,10466,Open
159,2019-12-11T14:58:06.000,Illegal Parking,10305,In Progress
160,2019-12-11T14:57:47.000,Illegal Parking,11230,In Progress
161,2019-12-11T14:57:35.000,Non-Emergency Police Matter,11207,In Progress
162,2019-12-11T14:57:32.000,Noise - Residential,10457,In Progress
163,2019-12-11T14:57:17.000,FLOORING/STAIRS,10467,Open
164,2019-12-11T14:57:02.000,Damaged Tree,10308,In Progress
165,2019-12-11T14:57:02.000,Street Condition,11413,In Progress
166,2019-12-11T14:56:55.000,Blocked Driveway,11416,In Progress
167,2019-12-11T14:56:52.000,General Construction/Plumbing,11217,Open
168,2019-12-11T14:56:38.000,FLOORING/STAIRS,10034,Open
169,2019-12-11T14:56:36.000,HEAT/HOT WATER,10033,Open
170,2019-12-11T14:56:26.000,HEAT/HOT WATER,10469,Open
171,2019-12-11T14:56:23.000,PAINT/PLASTER,10456,Open
172,2019-12-11T14:56:00.000,Lead,11215,Open
173,2019-12-11T14:55:58.000,ELECTRIC,11355,Open
174,2019-12-11T14:55:57.000,WATER LEAK,11213,Open
175,2019-12-11T14:55:55.000,HEAT/HOT WATER,11225,Closed
176,2019-12-11T14:55:55.000,Illegal Parking,11229,In Progress
177,2019-12-11T14:55:54.000,HEAT/HOT WATER,11377,Open
178,2019-12-11T14:55:50.000,Illegal Parking,10453,In Progress
179,2019-12-11T14:55:49.000,HEAT/HOT WATER,11377,Open
180,2019-12-11T14:55:20.000,General Construction/Plumbing,11220,Open
181,2019-12-11T14:55:20.000,Building/Use,11234,Open
182,2019-12-11T14:55:01.000,Blocked Driveway,11203,In Progress
183,2019-12-11T14:55:01.000,Illegal Parking,10305,In Progress
184,2019-12-11T14:54:56.000,Sidewalk Condition,11219,In Progress
185,2019-12-11T14:54:40.000,Rodent,10461,In Progress
186,2019-12-11T14:54:13.000,Illegal Tree Damage,11232,In Progress
187,2019-12-11T14:54:09.000,Illegal Parking,11214,In Progress
188,2019-12-11T14:54:02.000,Mold,11203,Closed
189,2019-12-11T14:53:54.000,BEST/Site Safety,10014,Open
190,2019-12-11T14:53:53.000,Plumbing,11235,Open
191,2019-12-11T14:53:35.000,Blocked Driveway,11364,In Progress
192,2019-12-11T14:53:28.000,Illegal Parking,11230,In Progress
193,2019-12-11T14:52:02.000,Noise - Street/Sidewalk,10007,In Progress
194,2019-12-11T14:51:53.000,Illegal Parking,10017,In Progress
195,2019-12-11T14:51:46.000,Illegal Parking,11230,In Progress
196,2019-12-11T14:51:22.000,Sidewalk Condition,10303,In Progress
197,2019-12-11T14:50:59.000,Vending,10009,In Progress
198,2019-12-11T14:50:54.000,PLUMBING,11216,Open
199,2019-12-11T14:50:51.000,Plumbing,10466,Assigned
200,2019-12-11T14:50:45.000,FLOORING/STAIRS,10457,Open
201,2019-12-11T14:50:34.000,Homeless Encampment,10017,In Progress
202,2019-12-11T14:50:10.000,Lost Property,10282,Closed
203,2019-12-11T14:50:04.000,Sidewalk Condition,10469,In Progress
204,2019-12-11T14:50:00.000,Sewer,10025,Open
205,2019-12-11T14:50:00.000,Sewer,10306,Open
206,2019-12-11T14:50:00.000,Blocked Driveway,10009,In Progress
207,2019-12-11T14:49:44.000,HEAT/HOT WATER,11377,Open
208,2019-12-11T14:48:52.000,Noise - Street/Sidewalk,11201,In Progress
209,2019-12-11T14:48:45.000,Animal-Abuse,11233,In Progress
210,2019-12-11T14:48:35.000,WATER LEAK,10456,Open
211,2019-12-11T14:48:10.000,APPLIANCE,11233,Open
212,2019-12-11T14:48:06.000,Illegal Parking,10001,In Progress
213,2019-12-11T14:48:00.000,Traffic Signal Condition,11208,Open
214,2019-12-11T14:47:57.000,WATER LEAK,11365,Open
215,2019-12-11T14:47:37.000,Overgrown Tree/Branches,11426,In Progress
216,2019-12-11T14:47:27.000,Overgrown Tree/Branches,10309,In Progress
217,2019-12-11T14:47:15.000,Illegal Parking,10458,In Progress
218,2019-12-11T14:47:09.000,Illegal Parking,10025,In Progress
219,2019-12-11T14:47:00.000,Traffic Signal Condition,10302,Closed
220,2019-12-11T14:47:00.000,Sewer,10009,Open
221,2019-12-11T14:47:00.000,Air Quality,10016,Open
222,2019-12-11T14:47:00.000,Sewer,11225,Open
223,2019-12-11T14:47:00.000,Sewer,11417,Open
224,2019-12-11T14:46:53.000,Illegal Parking,11220,In Progress
225,2019-12-11T14:46:24.000,Overgrown Tree/Branches,10301,In Progress
226,2019-12-11T14:46:09.000,Blocked Driveway,11235,In Progress
227,2019-12-11T14:46:00.000,Traffic Signal Condition,10302,Closed
228,2019-12-11T14:45:22.000,General Construction/Plumbing,11377,Open
229,2019-12-11T14:45:22.000,General Construction/Plumbing,10014,Open
230,2019-12-11T14:45:22.000,General Construction/Plumbing,11222,Open
231,2019-12-11T14:45:22.000,Building/Use,11217,Open
232,2019-12-11T14:45:00.000,Traffic Signal Condition,11208,Open
233,2019-12-11T14:44:48.000,Elevator,10301,Open
234,2019-12-11T14:44:40.000,HEAT/HOT WATER,10022,Open
235,2019-12-11T14:44:28.000,Sidewalk Condition,11211,In Progress
236,2019-12-11T14:44:23.000,Homeless Person Assistance,10011,Closed
237,2019-12-11T14:44:22.000,General Construction/Plumbing,11379,Open
238,2019-12-11T14:44:18.000,Sidewalk Condition,10303,In Progress
239,2019-12-11T14:44:00.000,Sewer,10466,Open
240,2019-12-11T14:44:00.000,Water System,11206,Closed
241,2019-12-11T14:43:58.000,Blocked Driveway,11218,In Progress
242,2019-12-11T14:42:02.000,Illegal Parking,10012,In Progress
243,2019-12-11T14:41:48.000,WATER LEAK,10453,Open
244,2019-12-11T14:41:21.000,Blocked Driveway,10474,In Progress
245,2019-12-11T14:41:16.000,Illegal Parking,10040,In Progress
246,2019-12-11T14:41:01.000,Elevator,10452,Open
247,2019-12-11T14:40:15.000,Street Sign - Missing,11004,In Progress
248,2019-12-11T14:39:57.000,HEAT/HOT WATER,11213,Open
249,2019-12-11T14:39:53.000,GENERAL,10452,Open
250,2019-12-11T14:39:51.000,Abandoned Vehicle,10301,In Progress
251,2019-12-11T14:39:48.000,Noise - Residential,11236,In Progress
252,2019-12-11T14:38:39.000,HEAT/HOT WATER,10462,Open
253,2019-12-11T14:38:37.000,Blocked Driveway,10302,In Progress
254,2019-12-11T14:38:00.000,Noise,11207,Open
255,2019-12-11T14:38:00.000,Street Light Condition,11413,Open
256,2019-12-11T14:37:50.000,Illegal Parking,11434,In Progress
257,2019-12-11T14:37:49.000,Homeless Person Assistance,10017,Closed
258,2019-12-11T14:37:13.000,General Construction/Plumbing,11235,Open
259,2019-12-11T14:37:13.000,General Construction/Plumbing,11216,Open
260,2019-12-11T14:37:13.000,Emergency Response Team (ERT),10128,Open
261,2019-12-11T14:36:48.000,Blocked Driveway,11201,In Progress
262,2019-12-11T14:36:28.000,HEAT/HOT WATER,10033,Open
263,2019-12-11T14:36:15.000,Sidewalk Condition,11413,In Progress
264,2019-12-11T14:35:29.000,HEAT/HOT WATER,10468,Open
265,2019-12-11T14:35:26.000,HEAT/HOT WATER,10024,Open
266,2019-12-11T14:35:25.000,HEAT/HOT WATER,11102,Open
267,2019-12-11T14:35:23.000,Building/Use,11234,Closed
268,2019-12-11T14:35:23.000,Building/Use,11233,Open
269,2019-12-11T14:35:23.000,General Construction/Plumbing,11221,Open
270,2019-12-11T14:35:23.000,WATER LEAK,10019,Open
271,2019-12-11T14:35:23.000,General Construction/Plumbing,11249,Assigned
272,2019-12-11T14:35:23.000,General Construction/Plumbing,10036,Open
273,2019-12-11T14:35:18.000,HEAT/HOT WATER,11374,Open
274,2019-12-11T14:35:03.000,Noise - Residential,10029,In Progress
275,2019-12-11T14:34:37.000,Illegal Parking,11223,In Progress
276,2019-12-11T14:34:00.000,Sewer,10018,Open
277,2019-12-11T14:33:13.000,Illegal Parking,11419,In Progress
278,2019-12-11T14:32:43.000,PLUMBING,10040,Open
279,2019-12-11T14:32:09.000,HEAT/HOT WATER,10473,Open
280,2019-12-11T14:31:35.000,Vending,11377,In Progress
281,2019-12-11T14:31:11.000,Elevator,10455,Open
282,2019-12-11T14:31:00.000,Sewer,11411,Open
283,2019-12-11T14:31:00.000,Noise,10023,Open
284,2019-12-11T14:30:38.000,Food Establishment,11415,In Progress
285,2019-12-11T14:30:07.000,UNSANITARY CONDITION,10026,Open
286,2019-12-11T14:30:00.000,Street Light Condition,11238,Open
287,2019-12-11T14:29:45.000,Broken Parking Meter,11215,In Progress
288,2019-12-11T14:29:39.000,Street Sign - Dangling,11211,In Progress
289,2019-12-11T14:29:20.000,HEAT/HOT WATER,11219,Open
290,2019-12-11T14:29:14.000,HEAT/HOT WATER,10013,Open
291,2019-12-11T14:29:11.000,HEAT/HOT WATER,10019,Closed
292,2019-12-11T14:28:49.000,Street Condition,11206,In Progress
293,2019-12-11T14:28:44.000,Street Condition,11369,In Progress
294,2019-12-11T14:28:20.000,Broken Parking Meter,10003,In Progress
295,2019-12-11T14:28:10.000,General Construction/Plumbing,11218,Open
296,2019-12-11T14:28:05.000,Illegal Parking,10452,In Progress
297,2019-12-11T14:28:00.000,Lead,11225,Open
298,2019-12-11T14:28:00.000,Sewer,11413,Open
299,2019-12-11T14:27:00.000,Traffic Signal Condition,10473,Closed
300,2019-12-11T14:26:56.000,HEAT/HOT WATER,10455,Open
301,2019-12-11T14:26:51.000,Taxi Complaint,10004,In Progress
302,2019-12-11T14:26:18.000,UNSANITARY CONDITION,10456,Open
303,2019-12-11T14:26:07.000,GENERAL,11221,Open
304,2019-12-11T14:26:05.000,HEAT/HOT WATER,11377,Open
305,2019-12-11T14:26:00.000,Traffic Signal Condition,11226,Open
306,2019-12-11T14:25:48.000,Broken Parking Meter,11106,In Progress
307,2019-12-11T14:25:23.000,Special Projects Inspection Team (SPIT),10037,Assigned
308,2019-12-11T14:25:23.000,General Construction/Plumbing,11221,Open
309,2019-12-11T14:25:23.000,Building/Use,11356,Open
310,2019-12-11T14:25:22.000,Homeless Person Assistance,11201,Closed
311,2019-12-11T14:25:00.000,Sewer,10004,Open
312,2019-12-11T14:25:00.000,Noise,11249,Open
313,2019-12-11T14:25:00.000,Air Quality,10032,Open
314,2019-12-11T14:24:53.000,Blocked Driveway,11221,In Progress
315,2019-12-11T14:24:26.000,Street Condition,10452,In Progress
316,2019-12-11T14:24:14.000,Green Taxi Complaint,11201,In Progress
317,2019-12-11T14:24:06.000,Sidewalk Condition,11367,In Progress
318,2019-12-11T14:23:15.000,HEAT/HOT WATER,10462,Open
319,2019-12-11T14:23:00.000,Traffic Signal Condition,11225,Open
320,2019-12-11T14:22:56.000,HEAT/HOT WATER,11377,Open
321,2019-12-11T14:22:29.000,Street Sign - Damaged,11369,In Progress
322,2019-12-11T14:22:12.000,Damaged Tree,11001,In Progress
323,2019-12-11T14:22:00.000,Street Light Condition,11101,Open
324,2019-12-11T14:22:00.000,Water System,11374,Open
325,2019-12-11T14:22:00.000,Traffic Signal Condition,11225,Open
326,2019-12-11T14:22:00.000,Noise,10469,Open
327,2019-12-11T14:21:57.000,General Construction/Plumbing,11249,Open
328,2019-12-11T14:21:54.000,Street Condition,11218,Open
329,2019-12-11T14:21:03.000,Street Condition,11221,In Progress
330,2019-12-11T14:21:01.000,Taxi Complaint,10004,In Progress
331,2019-12-11T14:21:00.000,Traffic Signal Condition,11249,Open
332,2019-12-11T14:20:36.000,Animal-Abuse,10022,In Progress
333,2019-12-11T14:20:18.000,FLOORING/STAIRS,10032,Open
334,2019-12-11T14:20:13.000,Non-Residential Heat,11218,In Progress
335,2019-12-11T14:20:01.000,Unleashed Dog,10025,In Progress
336,2019-12-11T14:19:50.000,HEAT/HOT WATER,11385,Open
337,2019-12-11T14:19:47.000,UNSANITARY CONDITION,10040,Open
338,2019-12-11T14:19:46.000,Broken Parking Meter,10461,In Progress
339,2019-12-11T14:19:40.000,Sidewalk Condition,11413,In Progress
340,2019-12-11T14:19:31.000,UNSANITARY CONDITION,11417,Open
341,2019-12-11T14:19:30.000,Sidewalk Condition,10312,In Progress
342,2019-12-11T14:19:00.000,Air Quality,11101,Open
343,2019-12-11T14:18:54.000,Elevator,11209,Open
344,2019-12-11T14:18:54.000,General Construction/Plumbing,10471,Closed
345,2019-12-11T14:18:53.000,General Construction/Plumbing,11432,Open
346,2019-12-11T14:18:42.000,Illegal Parking,11417,Closed
347,2019-12-11T14:18:34.000,Indoor Air Quality,11230,Closed
348,2019-12-11T14:18:31.000,Abandoned Vehicle,11416,In Progress
349,2019-12-11T14:18:02.000,Consumer Complaint,11379,In Progress
350,2019-12-11T14:17:52.000,Blocked Driveway,10461,In Progress
351,2019-12-11T14:17:47.000,Consumer Complaint,11436,In Progress
352,2019-12-11T14:17:27.000,PAINT/PLASTER,11216,Open
353,2019-12-11T14:17:25.000,ELECTRIC,11223,Open
354,2019-12-11T14:17:03.000,Abandoned Vehicle,11432,In Progress
355,2019-12-11T14:17:00.000,Street Light Condition,11432,Open
356,2019-12-11T14:16:58.000,For Hire Vehicle Complaint,11201,In Progress
357,2019-12-11T14:16:35.000,HEAT/HOT WATER,11419,Closed
358,2019-12-11T14:16:27.000,Street Condition,11426,In Progress
359,2019-12-11T14:16:15.000,Blocked Driveway,11230,In Progress
360,2019-12-11T14:16:00.000,Sewer,11225,Open
361,2019-12-11T14:16:00.000,Water System,11213,Open
362,2019-12-11T14:16:00.000,Water System,11203,Open
363,2019-12-11T14:15:27.000,Abandoned Vehicle,11416,In Progress
364,2019-12-11T14:15:24.000,Building/Use,10456,Open
365,2019-12-11T14:14:52.000,Noise - Vehicle,10301,In Progress
366,2019-12-11T14:14:47.000,Rodent,11220,In Progress
367,2019-12-11T14:14:40.000,Illegal Parking,11213,Closed
368,2019-12-11T14:14:33.000,Illegal Parking,11428,In Progress
369,2019-12-11T14:14:00.000,Traffic Signal Condition,11385,Open
370,2019-12-11T14:14:00.000,Traffic Signal Condition,11416,Open
371,2019-12-11T14:13:42.000,Street Condition,11375,In Progress
372,2019-12-11T14:13:36.000,HEAT/HOT WATER,10027,Open
373,2019-12-11T14:13:36.000,HEAT/HOT WATER,11216,Open
374,2019-12-11T14:13:34.000,HEAT/HOT WATER,11218,Open
375,2019-12-11T14:13:34.000,HEAT/HOT WATER,10463,Open
376,2019-12-11T14:13:29.000,Homeless Encampment,10036,Closed
377,2019-12-11T14:12:53.000,General Construction/Plumbing,11233,Open
378,2019-12-11T14:12:16.000,Abandoned Vehicle,11416,In Progress
379,2019-12-11T14:12:14.000,Street Condition,10475,Open
380,2019-12-11T14:11:09.000,Street Condition,10475,Open
381,2019-12-11T14:10:51.000,Blocked Driveway,10454,In Progress
382,2019-12-11T14:10:40.000,Mold,10013,Closed
383,2019-12-11T14:10:40.000,HEAT/HOT WATER,11377,Open
384,2019-12-11T14:10:35.000,HEAT/HOT WATER,11218,Open
385,2019-12-11T14:10:34.000,UNSANITARY CONDITION,11417,Open
386,2019-12-11T14:10:33.000,WATER LEAK,10457,Open
387,2019-12-11T14:10:30.000,Damaged Tree,11364,In Progress
388,2019-12-11T14:10:24.000,Street Condition,10475,Open
389,2019-12-11T14:10:00.000,Traffic Signal Condition,11694,Open
390,2019-12-11T14:10:00.000,Lead,10310,Open
391,2019-12-11T14:10:00.000,Traffic Signal Condition,11694,Open
392,2019-12-11T14:09:58.000,HEAT/HOT WATER,10017,Open
393,2019-12-11T14:09:53.000,Elevator,10453,Open
394,2019-12-11T14:09:52.000,Noise - Street/Sidewalk,11211,In Progress
395,2019-12-11T14:09:48.000,Street Condition,10475,Open
396,2019-12-11T14:09:45.000,UNSANITARY CONDITION,10458,Open
397,2019-12-11T14:09:44.000,Taxi Complaint,11211,In Progress
398,2019-12-11T14:09:44.000,HEAT/HOT WATER,11216,Open
399,2019-12-11T14:09:28.000,PAINT/PLASTER,11217,Open
400,2019-12-11T14:09:25.000,HEAT/HOT WATER,10473,Open
401,2019-12-11T14:09:18.000,Street Condition,10475,Open
402,2019-12-11T14:08:27.000,Illegal Parking,10005,In Progress
403,2019-12-11T14:08:24.000,Street Condition,10475,Open
404,2019-12-11T14:08:10.000,Illegal Parking,10469,In Progress
405,2019-12-11T14:08:00.000,Traffic Signal Condition,11692,Open
406,2019-12-11T14:07:56.000,Blocked Driveway,11373,In Progress
407,2019-12-11T14:07:56.000,Taxi Complaint,11201,In Progress
408,2019-12-11T14:07:51.000,Street Condition,10475,Open
409,2019-12-11T14:07:39.000,Sidewalk Condition,10469,In Progress
410,2019-12-11T14:07:29.000,Noise - Residential,11435,In Progress
411,2019-12-11T14:07:15.000,Damaged Tree,11418,In Progress
412,2019-12-11T14:07:08.000,Sidewalk Condition,11385,In Progress
413,2019-12-11T14:07:02.000,Illegal Parking,11230,In Progress
414,2019-12-11T14:07:00.000,Sewer,10451,Open
415,2019-12-11T14:06:43.000,General Construction/Plumbing,10457,Open
416,2019-12-11T14:06:22.000,Street Condition,10475,Open
417,2019-12-11T14:06:10.000,Rodent,10458,In Progress
418,2019-12-11T14:05:59.000,For Hire Vehicle Complaint,11354,In Progress
419,2019-12-11T14:05:55.000,Street Condition,11375,In Progress
420,2019-12-11T14:05:48.000,Street Condition,10475,Open
421,2019-12-11T14:05:22.000,General Construction/Plumbing,11366,Open
422,2019-12-11T14:05:04.000,Street Condition,11377,Open
423,2019-12-11T14:05:00.000,Street Light Condition,11220,Assigned
424,2019-12-11T14:04:55.000,Street Condition,10475,Open
425,2019-12-11T14:04:35.000,Street Sign - Missing,11435,In Progress
426,2019-12-11T14:04:25.000,HEAT/HOT WATER,10030,Open
427,2019-12-11T14:04:22.000,HEAT/HOT WATER,10033,Open
428,2019-12-11T14:04:08.000,Illegal Parking,11357,In Progress
429,2019-12-11T14:04:03.000,APPLIANCE,11234,Open
430,2019-12-11T14:04:00.000,Noise,10025,Open
